{
  "total_rows": 30,
  "total_columns": 3,
  "duplicate_row_count": 0,
  "numeric_column_count": 3,
  "categorical_column_count": 0,
  "datetime_column_count": 0,
  "columns": [
    {
      "name": "Unnamed: 0",
      "inferred_type": "numeric",
      "nullable": false,
      "missing_count": 0,
      "missing_percentage": 0.0
    },
    {
      "name": "YearsExperience",
      "inferred_type": "numeric",
      "nullable": false,
      "missing_count": 0,
      "missing_percentage": 0.0
    },
    {
      "name": "Salary",
      "inferred_type": "numeric",
      "nullable": false,
      "missing_count": 0,
      "missing_percentage": 0.0
    }
  ],
  "column_insights": {
    "Unnamed: 0": {
      "unique": 30,
      "top_values": {
        "0": 1,
        "1": 1,
        "2": 1,
        "3": 1,
        "4": 1,
        "5": 1,
        "6": 1,
        "7": 1,
        "8": 1,
        "9": 1,
        "10": 1,
        "11": 1,
        "12": 1,
        "13": 1,
        "14": 1,
        "15": 1,
        "16": 1,
        "17": 1,
        "18": 1,
        "19": 1,
        "20": 1,
        "21": 1,
        "22": 1,
        "23": 1,
        "24": 1,
        "25": 1,
        "26": 1,
        "27": 1,
        "28": 1,
        "29": 1
      }
    },
    "YearsExperience": {
      "unique": 28,
      "top_values": {
        "4.1": 2,
        "3.3000000000000003": 2,
        "1.2000000000000002": 1,
        "1.4": 1,
        "2.1": 1,
        "1.6": 1,
        "3.0": 1,
        "2.3000000000000003": 1,
        "3.1": 1,
        "3.8": 1,
        "4.0": 1,
        "4.199999999999999": 1,
        "4.6": 1,
        "5.0": 1,
        "5.199999999999999": 1,
        "5.4": 1,
        "6.0": 1,
        "6.1": 1,
        "6.9": 1,
        "7.199999999999999": 1,
        "8.0": 1,
        "8.299999999999999": 1,
        "8.799999999999999": 1,
        "9.1": 1,
        "9.6": 1,
        "9.7": 1,
        "10.4": 1,
        "10.6": 1
      }
    },
    "Salary": {
      "unique": 30,
      "top_values": {
        "39344.0": 1,
        "46206.0": 1,
        "37732.0": 1,
        "43526.0": 1,
        "39892.0": 1,
        "56643.0": 1,
        "60151.0": 1,
        "54446.0": 1,
        "64446.0": 1,
        "57190.0": 1,
        "63219.0": 1,
        "55795.0": 1,
        "56958.0": 1,
        "57082.0": 1,
        "61112.0": 1,
        "67939.0": 1,
        "66030.0": 1,
        "83089.0": 1,
        "81364.0": 1,
        "93941.0": 1,
        "91739.0": 1,
        "98274.0": 1,
        "101303.0": 1,
        "113813.0": 1,
        "109432.0": 1,
        "105583.0": 1,
        "116970.0": 1,
        "112636.0": 1,
        "122392.0": 1,
        "121873.0": 1
      }
    }
  }
}