{
  "total_rows": 10000,
  "total_columns": 3,
  "duplicate_row_count": 0,
  "numeric_column_count": 2,
  "categorical_column_count": 1,
  "datetime_column_count": 0,
  "columns": [
    {
      "name": "Gender",
      "inferred_type": "categorical",
      "nullable": false,
      "missing_count": 0,
      "missing_percentage": 0.0
    },
    {
      "name": "Height",
      "inferred_type": "numeric",
      "nullable": false,
      "missing_count": 0,
      "missing_percentage": 0.0
    },
    {
      "name": "Weight",
      "inferred_type": "numeric",
      "nullable": false,
      "missing_count": 0,
      "missing_percentage": 0.0
    }
  ],
  "column_insights": {
    "Gender": {
      "unique": 2,
      "top_values": {
        "Male": 5000,
        "Female": 5000
      }
    },
    "Height": {
      "unique": 10000,
      "top_values": {
        "73.847017017515": 1,
        "68.7819040458903": 1,
        "74.1101053917849": 1,
        "71.7309784033377": 1,
        "69.8817958611153": 1,
        "67.2530156878065": 1,
        "68.7850812516616": 1,
        "68.3485155115879": 1,
        "67.018949662883": 1,
        "63.4564939783664": 1,
        "71.1953822829745": 1,
        "71.6408051192206": 1,
        "64.7663291334055": 1,
        "69.2830700967204": 1,
        "69.2437322298112": 1,
        "67.6456197004212": 1,
        "72.4183166259878": 1,
        "63.974325721061": 1,
        "69.6400598997523": 1,
        "67.9360048540095": 1,
        "67.9150501938206": 1,
        "69.4394398680395": 1,
        "66.1491319608781": 1,
        "75.2059736142212": 1,
        "67.8931963386043": 1,
        "68.1440327982008": 1,
        "69.0896314289256": 1,
        "72.8008435165003": 1,
        "67.4212422817167": 1,
        "68.4964153568827": 1,
        "68.6181105502058": 1,
        "74.0338076216678": 1,
        "71.5282160355709": 1,
        "69.1801610995692": 1,
        "69.577202365402": 1,
        "70.4009288884762": 1,
        "69.0761711675356": 1,
        "67.1935232827228": 1,
        "65.8073156549306": 1,
        "64.3041878915595": 1,
        "67.9743362271967": 1,
        "72.1894259592134": 1,
        "65.2703455240394": 1,
        "66.0901773762725": 1,
        "67.5103215157138": 1,
        "70.1047862551571": 1,
        "68.2518364408672": 1,
        "72.1727091157973": 1,
        "69.1798576188774": 1,
        "72.870360147235": 1
      }
    },
    "Weight": {
      "unique": 10000,
      "top_values": {
        "241.893563180437": 1,
        "162.3104725213": 1,
        "212.7408555565": 1,
        "220.042470303077": 1,
        "206.349800623871": 1,
        "152.212155757083": 1,
        "183.927888604031": 1,
        "167.971110489509": 1,
        "175.92944039571": 1,
        "156.399676387112": 1,
        "186.604925560358": 1,
        "213.741169489411": 1,
        "167.127461073476": 1,
        "189.446181386738": 1,
        "186.434168021239": 1,
        "172.186930058117": 1,
        "196.028506330482": 1,
        "172.88347020878": 1,
        "185.98395757313": 1,
        "182.426648013226": 1,
        "174.115929081393": 1,
        "197.73142161472": 1,
        "149.173566007975": 1,
        "228.761780615196": 1,
        "162.006651848287": 1,
        "192.343976579187": 1,
        "184.435174408406": 1,
        "206.828189420354": 1,
        "175.213922399227": 1,
        "154.342638925955": 1,
        "187.506843155807": 1,
        "212.910225325521": 1,
        "195.032243233835": 1,
        "205.183621341371": 1,
        "204.164125484101": 1,
        "192.903515074649": 1,
        "197.488242598925": 1,
        "183.810973232751": 1,
        "163.851824878622": 1,
        "163.108017147583": 1,
        "172.135597406825": 1,
        "194.045404898059": 1,
        "168.617746204292": 1,
        "161.193432596622": 1,
        "164.660277264007": 1,
        "188.922303151274": 1,
        "187.060552163801": 1,
        "209.070863390252": 1,
        "192.014335412005": 1,
        "211.34249681964": 1
      }
    }
  }
}